WELL,rows,top_depth,bottom_depth,depth_samples,labeled_rows,unlabeled_rows,depth_range
15_9-13,21441,98.720001221,3283.8798828,20956,18270,3171,3185.159881579
15_9-14,22875,98.804000854,3573.2199707,22859,20336,2539,3474.415969846
15_9-15,20954,171.83200073,3201.0400391,19930,17717,3237,3029.20803837
15_9-17,19879,127.9980011,3123.157959,19706,17351,2528,2995.1599579000003
15_9-23,20494,173.38400269,3221.592041,20055,11063,9431,3048.20803831
16_1-2,18547,324.08401489,2923.8920898,17105,1734,16813,2599.80807491
16_1-6 A,13513,205.30773926,2190.2756348,13060,3623,9890,1984.9678955399997
16_10-1,20147,196.8237915,3156.2636719,19471,17675,2472,2959.4398804
16_10-2,20131,162.74520874,3149.8491211,19653,2437,17694,2987.10391236
16_10-3,17995,209.45359802,2847.4135742,17356,15956,2039,2637.95997618
16_10-5,18808,181.54039001,3025.6123047,18712,2765,16043,2844.07191469
16_11-1 ST3,19470,451.41720581,1832.4892578,9087,14939,4531,1381.0720519899999
16_2-11 A,14672,138.88319397,2360.5151367,14617,10708,3964,2221.63194273
16_2-16,13637,142.39039612,2212.6303711,13621,10025,3612,2070.23997498
16_2-6,13094,141.47479248,2129.3308105,13079,9138,3956,1987.8560180200002
16_2-7,15556,138.67599487,2495.5878906,15507,11683,3873,2356.9118957299997
16_4-1,18424,207.15361023,2908.8015137,17775,14120,4304,2701.64790347
16_5-3,12261,193.12600708,1988.2459717,11811,3021,9240,1795.11996462
16_7-4,17412,170.3480072,2778.9719238,17163,10010,7402,2608.6239165999996
16_7-5,18488,99.455986023,2908.263916,18480,15590,2898,2808.8079299769997
16_7-6,17304,271.89440918,2727.9104004,16159,10222,7082,2456.01599122
16_8-1,14586,505.85519409,2312.6791992,11888,6685,7901,1806.82400511
17_11-1,20533,160.4650116,3244.8491211,20293,20099,434,3084.3841095000002
17_4-1,25420,433.30279541,3999.8308105,23465,17271,8149,3566.5280150900003
25_10-10,15346,234.15040588,2500.3183594,14910,9321,6025,2266.16795352
25_10-9,19639,140.34480286,2980.3127441,18685,10788,8851,2839.96794124
25_11-15,12402,152.58369446,2017.1677246,12268,2284,10118,1864.5840301399999
25_11-19 S,13783,225.93170166,2239.7797852,13250,6975,6808,2013.8480835399998
25_11-24,13052,225.0592041,2112.8991699,12421,4195,8857,1887.8399657999998
25_11-5,13337,389.65670776,2172.4645996,11730,5060,8277,1782.80789184
25_2-13 T4,24492,201.41600037,3900.9440918,24340,21062,3430,3699.52809143
25_2-14,22963,1198.7858887,3622.5778809,15947,15840,7123,2423.7919922
25_2-7,26059,133.61000061,4094.2739258,26058,25131,928,3960.66392519
25_3-1,24963,180.08000183,3930.0717773,24672,21186,3777,3749.99177547
25_4-5,27691,207.15080261,4351.2788086,27265,23005,4686,4144.12800599
25_5-1,21629,218.11199951,3431.8479004,21144,18473,3156,3213.7359008900003
25_5-3,18058,197.29118347,2893.6191406,17740,11324,6734,2696.32795713
25_5-4,20021,1200.7923584,3179.5283203,13019,13003,7018,1978.7359619
25_6-1,18033,256.88800049,2872.0480957,17206,6209,11824,2615.16009521
25_6-2,14836,193.94400024,2394.9040527,14481,2925,11911,2200.96005246
25_6-3,15388,191.60372925,2473.4277344,15013,11994,3394,2281.82400515
25_7-2,31686,133.85600281,4859.0800781,31088,23879,7807,4725.22407529
25_8-5 S,20537,275.99038696,3390.3183594,20490,14599,5938,3114.32797244
25_8-7,9268,1057.2871094,2379.6870117,8701,8999,269,1322.3999023
25_9-1,16132,136.08599854,2529.0219727,15744,16111,21,2392.93597416
26_4-1,22742,233.24819946,3684.8642578,22709,19577,3165,3451.61605834
29_3-1,28514,203.13800049,4466.5859375,28050,24213,4301,4263.44793701
29_6-1,30856,147.60899353,4837.112793,30853,24468,6388,4689.503799470001
30_3-3,21287,201.06199646,3436.2299805,21285,21164,123,3235.1679840399997
30_3-5 S,28123,3891.7775879,4707.7133789,5369,4382,23741,815.9357909999999
30_6-5,22910,176.66639709,3555.3225098,22229,21636,1274,3378.65611271
31_2-1,16035,406.82818604,2437.0922852,13358,8274,7761,2030.26409916
31_2-10,11934,342.67999268,1837.9040527,9838,9033,2901,1495.22406002
31_2-19 S,24730,367.94241333,4126.75,24730,16705,8025,3758.80758667
31_2-21 S,18731,379.91241455,3201.9443359,18567,7840,10891,2822.03192135
31_2-7,8647,353.4569397,1664.9129639,8629,8056,591,1311.4560242
31_2-8,19923,360.98098755,3388.9729004,19922,19026,897,3027.99191285
31_2-9,9402,349.45709229,1774.6091309,9377,8753,649,1425.15203861
31_3-1,13361,420.10900879,2379.2370605,12890,13236,125,1959.1280517100001
31_3-2,11426,358.60888672,2093.2329102,11413,10750,676,1734.6240234799998
31_3-3,14668,481.5539856,2577.6340332,13791,11624,3044,2096.0800476
31_3-4,11413,750.37762451,2120.2016602,9013,5377,6036,1369.8240356899998
31_4-10,13779,258.668396,2351.7084961,13771,8682,5097,2093.0401001
31_4-5,18352,255.02879333,2934.1809082,17627,13400,4952,2679.15211487
31_5-4 S,11467,437.17401123,1907.6219482,9675,11315,152,1470.4479369699998
31_6-5,11597,376.23098755,2088.5109863,11266,11098,499,1712.2799987499998
31_6-8,9727,675.16442871,2147.1323242,9685,9533,194,1471.9678954899998
32_2-1,6059,429.98760986,1292.8916016,5678,3049,3010,862.90399174
33_5-2,27702,324.30407715,4525.5839844,27641,4091,23611,4201.27990725
33_6-3 S,26868,421.68121338,4431.4414063,26381,12681,14187,4009.7601929200005
33_9-1,17606,465.05801392,3130.5300293,17537,17278,328,2665.47201538
33_9-17,19771,254.60998535,3232.4418945,19592,17869,1902,2977.8319091500002
34_10-16 R,25579,222.73600769,4051.0080566,25187,25095,484,3828.27204891
34_10-19,13238,211.1519928,2221.5039063,13227,12662,576,2010.3519135
34_10-21,24926,226.21040344,4014.6584473,24925,22491,2435,3788.44804386
34_10-33,24490,156.0,3878.1760254,24489,6046,18444,3722.1760254
34_10-35,26900,223.375,4308.6791992,26878,20620,6280,4085.3041992
34_11-1,29690,275.93899536,4578.6030273,28308,4226,25464,4302.664031939999
34_11-2 S,29422,1157.8719482,4745.8320313,23606,23310,6112,3587.9600831000007
34_12-1,28434,400.24557495,4711.2695313,28363,9350,19084,4311.02395635
34_2-4,24318,526.16143799,4113.3613281,23601,23404,914,3587.1998901099996
34_3-1 A,24513,438.19271851,4154.2885742,24449,2251,22262,3716.09585569
34_3-2 S,25699,427.22280884,4332.1030273,25691,12229,13470,3904.8802184599995
34_3-3 A,30228,420.36196899,5005.8979492,30169,18190,12038,4585.53598021
34_4-10 R,25514,381.93847656,4243.4985352,25406,3880,21634,3861.5600586400005
34_5-1 A,26343,470.20199585,4403.6582031,25879,14592,11751,3933.45620725
34_5-1 S,22969,470.20199585,3902.8181152,22584,2273,20696,3432.61611935
34_6-1 S,26090,1343.5783691,4352.722168,19798,6479,19611,3009.1437989000005
34_7-13,16891,436.66500854,2997.8649902,16851,3900,12991,2561.19998166
34_7-20,18193,420.51000977,3182.6540527,18173,13157,5036,2762.14404293
34_7-21,18463,216.2460022,3012.5900879,18398,12424,6039,2796.3440857
34_8-1,21558,345.45703125,3617.5610352,21528,17938,3620,3272.10400395
34_8-3,19230,411.68041992,3334.1843262,19228,13342,5888,2922.50390628
34_8-7 R,35896,368.34399414,5477.671875,33615,7084,28812,5109.32788086
35_11-1,19692,373.60913086,3366.3371582,19690,15632,4060,2992.72802734
35_11-10,16967,372.45587158,2950.527832,16962,6206,10761,2578.0719604200003
35_11-11,18710,382.26760864,3220.4116211,18673,12844,5866,2838.14401246
35_11-12,19875,387.48199463,3363.7939453,19582,19112,763,2976.31195067
35_11-13,19119,473.17401123,3290.1899414,18534,2430,16689,2817.01593017
35_11-15 S,18832,467.25640869,3229.7043457,18175,2596,16236,2762.44793701
35_11-5,21963,445.05200195,3781.4519043,21951,21770,193,3336.39990235
35_11-6,23734,471.46359253,3989.6555176,23147,23674,60,3518.1919250700003
35_11-7,16547,385.75,2899.9819336,16542,13005,3542,2514.2319336
35_12-1,16777,479.34280396,3027.7749023,16767,13238,3539,2548.4320983400003
35_3-7 S,24803,283.30786133,4050.171875,24783,5087,19716,3766.86401367
35_4-1,29967,404.66799927,4939.8920898,29838,20825,9142,4535.22409053
35_6-2 S,21948,366.11245728,3695.2165527,21903,13415,8533,3329.1040954200002
35_8-4,21927,464.97640991,3721.576416,21426,2709,19218,3256.60000609
35_8-6 S,23901,508.75878906,4039.1108398,23227,14378,9523,3530.35205074
35_9-10 S,21271,460.26159668,3618.9736328,20782,4313,16958,3158.71203612
35_9-2,16599,1003.2563477,2879.8483887,12347,12330,4269,1876.5920410000003
35_9-5,21206,470.33560181,3527.0556641,20111,4942,16264,3056.72006229
35_9-6 S,22105,470.0880127,3749.9440918,21579,13155,8950,3279.8560791
35_9-7,17166,411.33880615,3000.2028809,17033,10677,6489,2588.86407475
35_9-8,18842,463.30960083,3250.3815918,18337,4274,14568,2787.07199097
36_7-3,16950,572.11999512,2947.7280273,15630,3634,13316,2375.60803218
7_1-1,17982,365.16879272,2815.4086914,16121,16242,1740,2450.23989868
7_1-2 S,19586,198.168396,3168.7043457,19544,2041,17545,2970.5359497
